[
  {
    "icon": "fa fa-home",
    "slug": "external",
    "title": "Volver al inicio",
    "path": "index.html"
  },  
  { 
    "id": 1,
    "icon": "fa fa-play-circle",
    "slug": "introduccion",
    "title": "Introduccion",
    "path": "pages/introduccion.html"     
  },
  { 
    "id": 2,
    "icon": "fa fa-file-text",
    "slug": "tema-1",
    "title": "1. Antecedentes",
    "path": "pages/tema-1.html"     
  },
  { 
    "id": 3,
    "icon": "fa fa-file-text",
    "slug": "tema-2",
    "title": "2. Ley General de Cultura",
    "path": "pages/tema-2.html"     
  },
  { 
    "id": 4,
    "icon": "fa fa-file-text",
    "slug": "tema-3",
    "title": "3. Ley de Cine",
    "path": "pages/tema-3.html"     
  },
  { 
    "id": 5,
    "icon": "fa fa-file-text",
    "slug": "tema-4",
    "title": "4. Decreto 1080 de 2015",
    "path": "pages/tema-4.html"     
  },
  { 
    "id": 6,
    "icon": "fa fa-file-text",
    "slug": "tema-5",
    "title": "5. Ley 1556 de 2012",
    "path": "pages/tema-5.html"     
  },
  {
    "icon": "fa fa-question-circle",
    "slug": "actividad-1",
    "title": "Actividad didáctica",
    "path": "pages/actividad-1.html"
  } 
]